id;name;created_by;created_date
1;Finance;johnsmithusa22@gmail.com;2015-09-01 18:11:01.792
2;Corporate;johnsmithusa22@gmail.com;2015-09-01 18:11:01.792
3;Transportation;johnsmithusa22@gmail.com;2015-09-01 18:11:01.792
4;Manufacturing;johnsmithusa22@gmail.com;2015-09-01 18:11:01.792
5;High Tech;johnsmithusa22@gmail.com;2015-09-01 18:11:01.792
6;Transport;johnsmithusa22@gmail.com;2015-09-01 18:11:01.792
7;Legal;johnsmithusa22@gmail.com;2015-09-01 18:11:01.792
8;Non-profit;johnsmithusa22@gmail.com;2015-09-01 18:11:01.792
9;Medical;johnsmithusa22@gmail.com;2015-09-01 18:11:01.792
10;Media;johnsmithusa22@gmail.com;2015-09-01 18:11:01.792
11;Arts;johnsmithusa22@gmail.com;2015-09-01 18:11:01.792
12;Consumer Goods;johnsmithusa22@gmail.com;2015-09-01 18:11:01.792
13;Construction;johnsmithusa22@gmail.com;2015-09-01 18:11:01.792
14;Recreational;johnsmithusa22@gmail.com;2015-09-01 18:11:01.792
15;Government;johnsmithusa22@gmail.com;2015-09-01 18:11:01.792
16;Service;johnsmithusa22@gmail.com;2015-09-01 18:11:01.792
17;Agriculture;johnsmithusa22@gmail.com;2015-09-01 18:11:01.792
18;Educational;johnsmithusa22@gmail.com;2015-09-01 18:11:01.792
19;Education;johnsmithusa22@gmail.com;2015-09-01 18:11:01.792
